"popu","sensibility","ppv","npv","specificity","siteid"
"all",0.766871165644172,0.706214689265537,0.917030567685589,0.889830508474576,"FRBDX"
"less_50",0.857142857142857,0.75,0.975308641975309,0.951807228915663,"FRBDX"
