"popu","sensibility","ppv","npv","specificity","siteid"
"all",0.766871165644172,0.710227272727273,0.916666666666667,0.891257995735608,"FRBDX"
"less_50",0.857142857142857,0.75,0.975308641975309,0.951807228915663,"FRBDX"
