"popu","sensibility","ppv","npv","specificity","siteid"
"all",0.772222222222222,0.780898876404494,0.912765957446809,0.916666666666667,"FRBDX"
"less_50",0.875,0.823529411764706,0.975,0.962962962962963,"FRBDX"
